{
    "step": 9,
    "loss": 0.12661226093769073,
    "accuracy": 0.9520000219345093,
    "val_loss": 0.7164682149887085,
    "val_accuracy": 0.8575000166893005
}