{
    "step": 11,
    "loss": 0.09753655642271042,
    "accuracy": 0.9639999866485596,
    "val_loss": 0.3754774034023285,
    "val_accuracy": 0.8974999785423279
}