{
    "step": 99,
    "loss": 0.008660401217639446,
    "accuracy": 0.9980000257492065,
    "val_loss": 1.5476129055023193,
    "val_accuracy": 0.8799999952316284
}