{
    "step": 9,
    "loss": 0.12351854890584946,
    "accuracy": 0.9614999890327454,
    "val_loss": 0.4360939860343933,
    "val_accuracy": 0.8924999833106995
}