{
    "step": 129,
    "loss": 0.008910025469958782,
    "accuracy": 0.9994999766349792,
    "val_loss": 2.1626229286193848,
    "val_accuracy": 0.8849999904632568
}