{
    "step": 99,
    "loss": 0.005322644021362066,
    "accuracy": 0.9990000128746033,
    "val_loss": 1.8549412488937378,
    "val_accuracy": 0.8949999809265137
}