{
    "step": 99,
    "loss": 0.0031331414356827736,
    "accuracy": 0.9984999895095825,
    "val_loss": 1.3765270709991455,
    "val_accuracy": 0.8974999785423279
}