{
    "step": 99,
    "loss": 0.005143452435731888,
    "accuracy": 0.9980000257492065,
    "val_loss": 1.4789637327194214,
    "val_accuracy": 0.8862500190734863
}