{
    "step": 9,
    "loss": 0.11185138672590256,
    "accuracy": 0.9524999856948853,
    "val_loss": 0.3761231303215027,
    "val_accuracy": 0.9037500023841858
}